"UserID","Probability1"
3,0.4955
4,0.69999999999999996
10,0.64100000000000001
14,0.27450000000000002
16,0.46650000000000003
23,0.58950000000000002
29,0.50449999999999995
33,0.30649999999999999
37,0.67100000000000004
45,0.72050000000000003
47,0.68149999999999999
54,0.253
55,0.77000000000000002
60,0.441
68,0.60150000000000003
79,0.63449999999999995
90,0.73399999999999999
93,0.46800000000000003
98,0.64200000000000002
101,0.70850000000000002
107,0.73550000000000004
109,0.41799999999999998
113,0.63849999999999996
116,0.53700000000000003
118,0.33550000000000002
119,0.71450000000000002
120,0.78149999999999997
126,0.61499999999999999
131,0.64049999999999996
134,0.72850000000000004
135,0.5585
137,0.74050000000000005
139,0.30249999999999999
140,0.61899999999999999
141,0.70699999999999996
142,0.33800000000000002
152,0.67900000000000005
162,0.58750000000000002
164,0.52900000000000003
168,0.62050000000000005
172,0.80900000000000005
173,0.63200000000000001
176,0.82699999999999996
179,0.57050000000000001
181,0.66449999999999998
182,0.2485
183,0.501
186,0.66749999999999998
189,0.51949999999999996
192,0.52200000000000002
193,0.79300000000000004
194,0.80549999999999999
196,0.55049999999999999
197,0.87949999999999995
198,0.39250000000000002
201,0.66049999999999998
204,0.61150000000000004
205,0.44750000000000001
210,0.64700000000000002
213,0.39850000000000002
216,0.4955
221,0.59699999999999998
234,0.17449999999999999
237,0.60299999999999998
241,0.27700000000000002
246,0.222
258,0.65049999999999997
261,0.27250000000000002
262,0.61099999999999999
271,0.36349999999999999
279,0.621
280,0.45500000000000002
288,0.38300000000000001
291,0.42049999999999998
296,0.18099999999999999
301,0.76100000000000001
305,0.16650000000000001
306,0.434
310,0.56850000000000001
313,0.77100000000000002
315,0.74650000000000005
317,0.60750000000000004
318,0.73199999999999998
319,0.55100000000000005
321,0.622
323,0.34399999999999997
324,0.53800000000000003
325,0.71399999999999997
326,0.60850000000000004
327,0.4985
328,0.66700000000000004
331,0.38900000000000001
340,0.69799999999999995
342,0.50700000000000001
344,0.71599999999999997
346,0.66349999999999998
347,0.8095
358,0.19550000000000001
368,0.19400000000000001
369,0.5575
382,0.22550000000000001
383,0.88300000000000001
384,0.47699999999999998
385,0.55000000000000004
386,0.77300000000000002
392,0.40450000000000003
396,0.46850000000000003
397,0.46949999999999997
399,0.59599999999999997
400,0.76400000000000001
402,0.432
404,0.44550000000000001
405,0.374
410,0.27750000000000002
412,0.34000000000000002
415,0.3755
416,0.64249999999999996
418,0.48549999999999999
419,0.53100000000000003
421,0.20100000000000001
422,0.63900000000000001
424,0.71250000000000002
437,0.87549999999999994
440,0.63849999999999996
442,0.70399999999999996
443,0.496
447,0.55549999999999999
448,0.6835
449,0.71150000000000002
453,0.59399999999999997
465,0.503
467,0.69899999999999995
468,0.23000000000000001
470,0.3105
472,0.52600000000000002
476,0.38850000000000001
484,0.75600000000000001
486,0.68999999999999995
487,0.46750000000000003
492,0.75
494,0.56999999999999995
495,0.58750000000000002
503,0.63349999999999995
505,0.76400000000000001
514,0.28499999999999998
516,0.66300000000000003
518,0.58150000000000002
521,0.33850000000000002
523,0.55300000000000005
529,0.20150000000000001
531,0.63
533,0.58999999999999997
534,0.35899999999999999
536,0.42649999999999999
545,0.71750000000000003
549,0.88249999999999995
553,0.61250000000000004
555,0.65700000000000003
561,0.56399999999999995
562,0.80800000000000005
563,0.76600000000000001
567,0.30599999999999999
569,0.21099999999999999
570,0.2525
575,0.76200000000000001
577,0.57350000000000001
579,0.53000000000000003
581,0.36199999999999999
582,0.58250000000000002
583,0.27900000000000003
590,0.2165
598,0.59250000000000003
600,0.71350000000000002
603,0.74750000000000005
604,0.66100000000000003
606,0.59199999999999997
619,0.76149999999999995
621,0.503
622,0.80000000000000004
623,0.126
627,0.76249999999999996
633,0.67349999999999999
636,0.79849999999999999
639,0.58750000000000002
643,0.64200000000000002
653,0.38400000000000001
654,0.79249999999999998
660,0.76449999999999996
681,0.65000000000000002
685,0.70850000000000002
691,0.67300000000000004
696,0.61499999999999999
698,0.26200000000000001
699,0.8175
700,0.59399999999999997
703,0.54500000000000004
705,0.75700000000000001
707,0.78349999999999997
708,0.52849999999999997
711,0.54800000000000004
712,0.64849999999999997
716,0.316
719,0.71199999999999997
722,0.68049999999999999
724,0.33450000000000002
727,0.33400000000000002
730,0.63400000000000001
736,0.61799999999999999
743,0.78049999999999997
753,0.73299999999999998
755,0.28799999999999998
765,0.6905
774,0.69950000000000001
775,0.59199999999999997
778,0.73099999999999998
784,0.54949999999999999
788,0.67500000000000004
789,0.374
791,0.56850000000000001
797,0.374
798,0.3085
800,0.82899999999999996
802,0.19850000000000001
807,0.31900000000000001
810,0.88900000000000001
811,0.34050000000000002
820,0.75600000000000001
821,0.497
822,0.63149999999999995
823,0.56399999999999995
824,0.83199999999999996
826,0.161
828,0.53700000000000003
831,0.35699999999999998
832,0.14349999999999999
833,0.3785
834,0.41649999999999998
837,0.63749999999999996
838,0.72450000000000003
841,0.621
843,0.57650000000000001
844,0.373
850,0.71399999999999997
853,0.67149999999999999
855,0.25
856,0.66600000000000004
860,0.16650000000000001
864,0.245
868,0.45250000000000001
875,0.46350000000000002
876,0.13800000000000001
877,0.78749999999999998
879,0.50700000000000001
889,0.70450000000000002
890,0.48599999999999999
894,0.23449999999999999
896,0.58099999999999996
897,0.747
904,0.26150000000000001
905,0.6835
907,0.41549999999999998
909,0.251
913,0.45500000000000002
925,0.38500000000000001
926,0.53600000000000003
927,0.60550000000000004
928,0.40200000000000002
931,0.63949999999999996
932,0.67649999999999999
934,0.32700000000000001
935,0.3175
939,0.39400000000000002
941,0.54549999999999998
942,0.154
947,0.4995
948,0.40799999999999997
950,0.51549999999999996
951,0.47799999999999998
958,0.55249999999999999
959,0.68049999999999999
960,0.66200000000000003
966,0.52749999999999997
975,0.66800000000000004
985,0.84750000000000003
992,0.22900000000000001
993,0.19700000000000001
994,0.2525
995,0.28999999999999998
998,0.70999999999999996
1001,0.72450000000000003
1009,0.23749999999999999
1011,0.19950000000000001
1012,0.66649999999999998
1013,0.61150000000000004
1014,0.34100000000000003
1028,0.79549999999999998
1032,0.5575
1033,0.92049999999999998
1037,0.36049999999999999
1051,0.57599999999999996
1052,0.47049999999999997
1055,0.65649999999999997
1061,0.33200000000000002
1067,0.60199999999999998
1071,0.63149999999999995
1073,0.72299999999999998
1075,0.42099999999999999
1077,0.41999999999999998
1078,0.25950000000000001
1081,0.55200000000000005
1082,0.58850000000000002
1088,0.86250000000000004
1094,0.5575
1100,0.45600000000000002
1102,0.64449999999999996
1103,0.2515
1112,0.73950000000000005
1114,0.64649999999999996
1117,0.82599999999999996
1118,0.71650000000000003
1127,0.80300000000000005
1130,0.75800000000000001
1131,0.85550000000000004
1132,0.53549999999999998
1136,0.39700000000000002
1139,0.5655
1151,0.88149999999999995
1152,0.77900000000000003
1153,0.26700000000000002
1155,0.72950000000000004
1158,0.20599999999999999
1161,0.80249999999999999
1165,0.76549999999999996
1166,0.35999999999999999
1172,0.74050000000000005
1173,0.42249999999999999
1177,0.318
1178,0.58250000000000002
1179,0.434
1180,0.217
1181,0.29699999999999999
1182,0.76549999999999996
1187,0.58550000000000002
1190,0.71350000000000002
1194,0.64349999999999996
1197,0.42899999999999999
1198,0.38850000000000001
1203,0.4375
1206,0.79300000000000004
1208,0.47849999999999998
1212,0.68899999999999995
1214,0.84199999999999997
1217,0.32000000000000001
1220,0.62450000000000006
1225,0.73550000000000004
1232,0.55400000000000005
1234,0.62250000000000005
1241,0.69550000000000001
1247,0.53900000000000003
1250,0.51149999999999995
1251,0.65500000000000003
1255,0.88800000000000001
1256,0.52549999999999997
1260,0.64300000000000002
1261,0.91100000000000003
1266,0.71999999999999997
1270,0.55049999999999999
1272,0.76449999999999996
1274,0.622
1288,0.53749999999999998
1290,0.77749999999999997
1291,0.81899999999999995
1294,0.46550000000000002
1295,0.51700000000000002
1297,0.61099999999999999
1300,0.75700000000000001
1303,0.71699999999999997
1306,0.70299999999999996
1311,0.38
1315,0.32900000000000001
1320,0.3695
1324,0.71199999999999997
1326,0.32650000000000001
1335,0.67049999999999998
1337,0.74050000000000005
1339,0.35099999999999998
1343,0.65400000000000003
1345,0.5595
1348,0.66549999999999998
1350,0.28499999999999998
1355,0.48899999999999999
1357,0.54200000000000004
1366,0.61850000000000005
1371,0.48149999999999998
1373,0.47849999999999998
1376,0.66400000000000003
1386,0.62
1387,0.46500000000000002
1394,0.46750000000000003
1397,0.070000000000000007
1400,0.69450000000000001
1403,0.67249999999999999
1405,0.628
1409,0.76300000000000001
1412,0.27000000000000002
1413,0.29449999999999998
1416,0.61250000000000004
1420,0.50800000000000001
1421,0.86450000000000005
1423,0.86399999999999999
1440,0.76349999999999996
1443,0.68300000000000005
1445,0.60699999999999998
1449,0.78400000000000003
1451,0.33750000000000002
1452,0.32750000000000001
1457,0.4395
1460,0.33100000000000002
1463,0.2185
1464,0.42549999999999999
1466,0.54349999999999998
1468,0.76249999999999996
1469,0.78100000000000003
1472,0.33250000000000002
1473,0.86250000000000004
1474,0.27800000000000002
1475,0.71050000000000002
1476,0.70450000000000002
1477,0.6875
1478,0.85550000000000004
1479,0.70999999999999996
1482,0.79100000000000004
1485,0.4975
1493,0.72299999999999998
1499,0.873
1502,0.4385
1503,0.4415
1505,0.57199999999999995
1507,0.60799999999999998
1511,0.27050000000000002
1516,0.59399999999999997
1522,0.5675
1543,0.433
1545,0.59199999999999997
1548,0.57699999999999996
1550,0.86399999999999999
1552,0.59550000000000003
1553,0.65300000000000002
1558,0.65149999999999997
1560,0.872
1562,0.60099999999999998
1565,0.39450000000000002
1566,0.22600000000000001
1572,0.66700000000000004
1576,0.3805
1578,0.74099999999999999
1582,0.3735
1591,0.4345
1592,0.219
1593,0.68000000000000005
1594,0.66849999999999998
1602,0.33300000000000002
1604,0.54100000000000004
1605,0.62050000000000005
1607,0.71299999999999997
1617,0.745
1619,0.25800000000000001
1621,0.89300000000000002
1628,0.56699999999999995
1630,0.64300000000000002
1632,0.57299999999999995
1633,0.46949999999999997
1636,0.68000000000000005
1647,0.27850000000000003
1648,0.60599999999999998
1657,0.20300000000000001
1658,0.85699999999999998
1667,0.30399999999999999
1669,0.104
1684,0.3135
1688,0.40949999999999998
1689,0.4965
1692,0.59750000000000003
1694,0.27850000000000003
1699,0.38700000000000001
1703,0.63549999999999995
1704,0.56499999999999995
1707,0.35149999999999998
1720,0.64149999999999996
1727,0.45800000000000002
1728,0.48849999999999999
1729,0.67849999999999999
1736,0.42649999999999999
1737,0.75249999999999995
1744,0.52300000000000002
1746,0.68799999999999994
1747,0.84499999999999997
1751,0.67349999999999999
1755,0.66800000000000004
1760,0.625
1761,0.64549999999999996
1762,0.85950000000000004
1763,0.33050000000000002
1764,0.57250000000000001
1766,0.29099999999999998
1776,0.72850000000000004
1781,0.58399999999999996
1787,0.64249999999999996
1798,0.41049999999999998
1801,0.79749999999999999
1808,0.70650000000000002
1811,0.45700000000000002
1812,0.79900000000000004
1813,0.5595
1816,0.79649999999999999
1817,0.28649999999999998
1818,0.69899999999999995
1823,0.4945
1826,0.28399999999999997
1828,0.6845
1831,0.66700000000000004
1833,0.65500000000000003
1839,0.71050000000000002
1847,0.625
1850,0.64700000000000002
1855,0.68400000000000005
1864,0.58550000000000002
1866,0.314
1872,0.70050000000000001
1874,0.629
1875,0.80449999999999999
1886,0.47799999999999998
1889,0.71199999999999997
1894,0.90500000000000003
1899,0.40500000000000003
1902,0.84850000000000003
1903,0.16250000000000001
1904,0.52449999999999997
1908,0.39750000000000002
1910,0.54149999999999998
1912,0.58499999999999996
1913,0.45450000000000002
1921,0.247
1927,0.58650000000000002
1928,0.65749999999999997
1940,0.65849999999999997
1943,0.33650000000000002
1944,0.60499999999999998
1947,0.4365
1952,0.16950000000000001
1959,0.32800000000000001
1964,0.432
1966,0.73799999999999999
1969,0.65949999999999998
1978,0.76600000000000001
1980,0.50900000000000001
1983,0.70499999999999996
1988,0.35599999999999998
1990,0.70350000000000001
1995,0.57099999999999995
1996,0.88700000000000001
2001,0.83250000000000002
2006,0.35299999999999998
2007,0.48649999999999999
2011,0.45500000000000002
2020,0.47849999999999998
2021,0.53700000000000003
2022,0.315
2028,0.68200000000000005
2034,0.45850000000000002
2036,0.51449999999999996
2037,0.58850000000000002
2038,0.60499999999999998
2045,0.32650000000000001
2047,0.64400000000000002
2052,0.78900000000000003
2058,0.92449999999999999
2061,0.32700000000000001
2065,0.1885
2067,0.65749999999999997
2068,0.66749999999999998
2070,0.57899999999999996
2071,0.65349999999999997
2072,0.5675
2075,0.77449999999999997
2076,0.627
2084,0.54149999999999998
2094,0.5675
2095,0.3695
2101,0.73999999999999999
2104,0.24149999999999999
2112,0.64500000000000002
2114,0.35149999999999998
2117,0.52749999999999997
2118,0.53649999999999998
2123,0.70850000000000002
2129,0.63449999999999995
2131,0.32750000000000001
2140,0.46500000000000002
2141,0.54549999999999998
2146,0.5665
2147,0.4995
2148,0.54549999999999998
2151,0.77649999999999997
2153,0.52149999999999996
2156,0.76300000000000001
2160,0.67649999999999999
2177,0.50700000000000001
2178,0.53149999999999997
2188,0.54100000000000004
2192,0.50249999999999995
2198,0.54049999999999998
2199,0.78449999999999998
2203,0.69699999999999995
2207,0.50600000000000001
2210,0.66749999999999998
2222,0.438
2227,0.53849999999999998
2228,0.60999999999999999
2230,0.80449999999999999
2231,0.34200000000000003
2236,0.53700000000000003
2243,0.70799999999999996
2244,0.58650000000000002
2253,0.49399999999999999
2256,0.69550000000000001
2259,0.45300000000000001
2263,0.73550000000000004
2265,0.53949999999999998
2267,0.66149999999999998
2270,0.19650000000000001
2272,0.60350000000000004
2273,0.58399999999999996
2276,0.54049999999999998
2279,0.27000000000000002
2281,0.59699999999999998
2284,0.503
2285,0.45750000000000002
2287,0.70050000000000001
2292,0.80200000000000005
2296,0.53149999999999997
2298,0.72899999999999998
2305,0.64549999999999996
2306,0.80300000000000005
2309,0.19800000000000001
2310,0.4955
2312,0.3135
2316,0.48399999999999999
2319,0.72199999999999998
2320,0.73750000000000004
2326,0.57050000000000001
2331,0.54049999999999998
2335,0.72599999999999998
2336,0.46999999999999997
2341,0.55349999999999999
2345,0.60050000000000003
2346,0.443
2348,0.45250000000000001
2352,0.74199999999999999
2353,0.23949999999999999
2355,0.60850000000000004
2359,0.78700000000000003
2360,0.71150000000000002
2371,0.41299999999999998
2378,0.65300000000000002
2381,0.61450000000000005
2386,0.16250000000000001
2390,0.50849999999999995
2391,0.55249999999999999
2392,0.72050000000000003
2393,0.55249999999999999
2398,0.51900000000000002
2402,0.45050000000000001
2404,0.65049999999999997
2409,0.61199999999999999
2410,0.90100000000000002
2412,0.67600000000000005
2417,0.77349999999999997
2419,0.59699999999999998
2422,0.43049999999999999
2424,0.36649999999999999
2430,0.63
2434,0.63700000000000001
2441,0.25800000000000001
2444,0.32200000000000001
2449,0.59699999999999998
2453,0.45900000000000002
2455,0.48599999999999999
2456,0.38
2462,0.81000000000000005
2464,0.62450000000000006
2465,0.65900000000000003
2466,0.4395
2468,0.36399999999999999
2469,0.48949999999999999
2470,0.65149999999999997
2474,0.58499999999999996
2479,0.64900000000000002
2480,0.72899999999999998
2483,0.70250000000000001
2485,0.52300000000000002
2486,0.53500000000000003
2496,0.41399999999999998
2497,0.78000000000000003
2498,0.63100000000000001
2509,0.52400000000000002
2511,0.75149999999999995
2513,0.91249999999999998
2516,0.25750000000000001
2523,0.60099999999999998
2525,0.63900000000000001
2527,0.62849999999999995
2528,0.60999999999999999
2533,0.41349999999999998
2540,0.67200000000000004
2543,0.36549999999999999
2544,0.89249999999999996
2549,0.67849999999999999
2551,0.84050000000000002
2558,0.36549999999999999
2572,0.41499999999999998
2573,0.69350000000000001
2574,0.67200000000000004
2576,0.54349999999999998
2579,0.45300000000000001
2584,0.73550000000000004
2589,0.624
2597,0.86350000000000005
2599,0.33450000000000002
2605,0.54700000000000004
2608,0.54649999999999999
2614,0.371
2619,0.62549999999999994
2622,0.39250000000000002
2623,0.5585
2624,0.70850000000000002
2625,0.30649999999999999
2640,0.69550000000000001
2642,0.3135
2646,0.371
2649,0.48849999999999999
2662,0.72250000000000003
2663,0.095500000000000002
2664,0.61050000000000004
2671,0.6855
2677,0.44350000000000001
2679,0.64300000000000002
2683,0.68149999999999999
2685,0.61699999999999999
2694,0.61550000000000005
2697,0.67000000000000004
2700,0.75700000000000001
2706,0.71750000000000003
2710,0.39450000000000002
2719,0.56899999999999995
2731,0.71050000000000002
2734,0.51300000000000001
2736,0.78500000000000003
2745,0.72399999999999998
2746,0.40300000000000002
2750,0.69550000000000001
2755,0.41399999999999998
2757,0.75449999999999995
2776,0.48599999999999999
2787,0.3155
2788,0.72599999999999998
2789,0.76500000000000001
2791,0.69350000000000001
2793,0.42999999999999999
2795,0.36299999999999999
2800,0.623
2801,0.48049999999999998
2806,0.90800000000000003
2808,0.45900000000000002
2813,0.46150000000000002
2814,0.81599999999999995
2819,0.66749999999999998
2820,0.60050000000000003
2823,0.39650000000000002
2830,0.4405
2832,0.40949999999999998
2838,0.41449999999999998
2839,0.51100000000000001
2845,0.73399999999999999
2846,0.64700000000000002
2856,0.753
2858,0.48499999999999999
2860,0.72350000000000003
2864,0.3155
2866,0.73750000000000004
2871,0.60650000000000004
2875,0.33500000000000002
2882,0.19350000000000001
2891,0.53800000000000003
2892,0.76349999999999996
2898,0.33150000000000002
2900,0.32350000000000001
2907,0.71650000000000003
2915,0.307
2917,0.501
2926,0.38950000000000001
2928,0.41699999999999998
2932,0.51449999999999996
2950,0.46949999999999997
2958,0.65600000000000003
2967,0.72799999999999998
2982,0.58050000000000002
2983,0.58299999999999996
2994,0.65249999999999997
2997,0.54600000000000004
3013,0.4965
3016,0.74450000000000005
3026,0.53949999999999998
3031,0.55449999999999999
3032,0.67500000000000004
3041,0.59050000000000002
3045,0.51049999999999995
3050,0.30199999999999999
3057,0.36599999999999999
3060,0.622
3061,0.74850000000000005
3064,0.59699999999999998
3065,0.46450000000000002
3068,0.46850000000000003
3082,0.61350000000000005
3094,0.71099999999999997
3095,0.35449999999999998
3096,0.49149999999999999
3098,0.63549999999999995
3103,0.72199999999999998
3108,0.57050000000000001
3117,0.59799999999999998
3118,0.80500000000000005
3127,0.46500000000000002
3129,0.54400000000000004
3131,0.50249999999999995
3134,0.67049999999999998
3136,0.66449999999999998
3139,0.24099999999999999
3142,0.80100000000000005
3147,0.33950000000000002
3154,0.53000000000000003
3156,0.59250000000000003
3159,0.79700000000000004
3163,0.57299999999999995
3166,0.73250000000000004
3172,0.875
3173,0.74550000000000005
3178,0.67749999999999999
3180,0.33100000000000002
3185,0.60699999999999998
3187,0.23000000000000001
3189,0.60299999999999998
3193,0.66200000000000003
3194,0.80400000000000005
3195,0.79100000000000004
3198,0.86350000000000005
3205,0.35449999999999998
3207,0.502
3208,0.60799999999999998
3213,0.25800000000000001
3214,0.60799999999999998
3215,0.60399999999999998
3225,0.73650000000000004
3227,0.503
3232,0.61850000000000005
3244,0.85599999999999998
3246,0.51800000000000002
3248,0.34300000000000003
3252,0.66749999999999998
3255,0.33950000000000002
3263,0.52249999999999996
3265,0.70599999999999996
3274,0.91000000000000003
3287,0.75049999999999994
3296,0.46850000000000003
3299,0.66249999999999998
3301,0.59299999999999997
3302,0.54749999999999999
3304,0.47599999999999998
3306,0.56299999999999994
3308,0.86150000000000004
3313,0.58850000000000002
3321,0.51000000000000001
3326,0.47449999999999998
3327,0.71450000000000002
3332,0.11600000000000001
3334,0.69950000000000001
3336,0.33500000000000002
3346,0.50249999999999995
3347,0.70499999999999996
3348,0.52100000000000002
3351,0.45100000000000001
3360,0.35399999999999998
3366,0.443
3367,0.77649999999999997
3369,0.45950000000000002
3371,0.73250000000000004
3372,0.75900000000000001
3385,0.59950000000000003
3389,0.60350000000000004
3390,0.64749999999999996
3392,0.45250000000000001
3393,0.187
3394,0.54800000000000004
3396,0.59250000000000003
3412,0.61399999999999999
3413,0.68799999999999994
3420,0.38900000000000001
3425,0.33400000000000002
3427,0.5635
3430,0.51749999999999996
3432,0.59450000000000003
3433,0.66600000000000004
3434,0.71550000000000002
3442,0.69599999999999995
3447,0.27000000000000002
3461,0.36049999999999999
3462,0.435
3464,0.3785
3471,0.85499999999999998
3475,0.71950000000000003
3476,0.67100000000000004
3487,0.56499999999999995
3488,0.67500000000000004
3490,0.48599999999999999
3498,0.68899999999999995
3499,0.77449999999999997
3500,0.629
3506,0.58899999999999997
3511,0.53849999999999998
3512,0.69899999999999995
3514,0.83150000000000002
3518,0.69099999999999995
3523,0.63149999999999995
3525,0.5645
3533,0.59150000000000003
3537,0.71250000000000002
3543,0.42949999999999999
3545,0.311
3550,0.61550000000000005
3554,0.75049999999999994
3555,0.5655
3558,0.60799999999999998
3559,0.5645
3562,0.33150000000000002
3564,0.74550000000000005
3566,0.66549999999999998
3567,0.70450000000000002
3572,0.66500000000000004
3573,0.54249999999999998
3574,0.13500000000000001
3576,0.60850000000000004
3579,0.78700000000000003
3588,0.94450000000000001
3590,0.56850000000000001
3592,0.73650000000000004
3593,0.76700000000000002
3594,0.53749999999999998
3596,0.21199999999999999
3601,0.80400000000000005
3602,0.63849999999999996
3604,0.23000000000000001
3607,0.58999999999999997
3613,0.20050000000000001
3618,0.65700000000000003
3621,0.58699999999999997
3631,0.44700000000000001
3641,0.79400000000000004
3646,0.69099999999999995
3657,0.498
3660,0.35649999999999998
3665,0.61950000000000005
3666,0.2475
3676,0.73499999999999999
3680,0.64149999999999996
3682,0.72050000000000003
3695,0.75800000000000001
3704,0.31950000000000001
3707,0.56850000000000001
3712,0.5
3713,0.48049999999999998
3714,0.26150000000000001
3715,0.6895
3719,0.42149999999999999
3733,0.48449999999999999
3735,0.67600000000000005
3736,0.69950000000000001
3737,0.68149999999999999
3738,0.23449999999999999
3743,0.66749999999999998
3744,0.623
3746,0.17150000000000001
3747,0.26950000000000002
3749,0.74099999999999999
3753,0.72799999999999998
3758,0.47749999999999998
3764,0.44350000000000001
3767,0.2515
3769,0.41399999999999998
3781,0.27250000000000002
3782,0.58150000000000002
3784,0.59450000000000003
3788,0.71199999999999997
3793,0.45250000000000001
3801,0.51149999999999995
3805,0.45650000000000002
3807,0.78100000000000003
3808,0.33050000000000002
3809,0.59650000000000003
3810,0.76749999999999996
3813,0.47799999999999998
3816,0.36699999999999999
3817,0.41999999999999998
3820,0.59550000000000003
3833,0.30349999999999999
3835,0.49399999999999999
3837,0.74550000000000005
3839,0.748
3840,0.59899999999999998
3843,0.56100000000000005
3848,0.36049999999999999
3850,0.69950000000000001
3851,0.25
3859,0.45150000000000001
3866,0.73150000000000004
3870,0.65649999999999997
3873,0.52949999999999997
3881,0.41099999999999998
3882,0.45050000000000001
3889,0.29649999999999999
3906,0.61850000000000005
3908,0.376
3909,0.35899999999999999
3910,0.76749999999999996
3913,0.74099999999999999
3915,0.57550000000000001
3917,0.54000000000000004
3922,0.377
3923,0.72399999999999998
3924,0.69499999999999995
3933,0.745
3935,0.21049999999999999
3939,0.183
3960,0.75149999999999995
3971,0.62150000000000005
3976,0.3735
3977,0.44800000000000001
3987,0.3115
3990,0.44500000000000001
4005,0.34899999999999998
4008,0.65300000000000002
4009,0.90900000000000003
4011,0.39600000000000002
4012,0.75049999999999994
4020,0.52200000000000002
4021,0.28349999999999997
4022,0.24349999999999999
4027,0.57850000000000001
4028,0.28749999999999998
4030,0.44900000000000001
4031,0.29749999999999999
4035,0.32100000000000001
4036,0.36599999999999999
4037,0.64149999999999996
4039,0.53349999999999997
4044,0.64049999999999996
4046,0.64349999999999996
4054,0.376
4056,0.34350000000000003
4059,0.4975
4062,0.57599999999999996
4064,0.54800000000000004
4067,0.58799999999999997
4072,0.48149999999999998
4090,0.66700000000000004
4095,0.38950000000000001
4099,0.82950000000000002
4102,0.69799999999999995
4103,0.68899999999999995
4105,0.26550000000000001
4110,0.28050000000000003
4112,0.28749999999999998
4114,0.73599999999999999
4116,0.29149999999999998
4117,0.30549999999999999
4118,0.71750000000000003
4124,0.63649999999999995
4126,0.70699999999999996
4137,0.54749999999999999
4141,0.42149999999999999
4149,0.55449999999999999
4150,0.86050000000000004
4152,0.51300000000000001
4158,0.51449999999999996
4162,0.39600000000000002
4163,0.66000000000000003
4165,0.52400000000000002
4167,0.79649999999999999
4170,0.21099999999999999
4173,0.67049999999999998
4183,0.83199999999999996
4188,0.56850000000000001
4191,0.60399999999999998
4192,0.246
4195,0.58750000000000002
4199,0.623
4203,0.36149999999999999
4208,0.67300000000000004
4218,0.54500000000000004
4231,0.45550000000000002
4233,0.6865
4234,0.62
4240,0.16500000000000001
4247,0.69950000000000001
4249,0.24249999999999999
4254,0.69999999999999996
4256,0.50949999999999995
4258,0.57599999999999996
4260,0.51800000000000002
4262,0.63600000000000001
4267,0.36299999999999999
4280,0.318
4281,0.72250000000000003
4282,0.33200000000000002
4284,0.73850000000000005
4285,0.65649999999999997
4288,0.48949999999999999
4300,0.39300000000000002
4301,0.60299999999999998
4302,0.41449999999999998
4303,0.31850000000000001
4305,0.35549999999999998
4308,0.309
4314,0.33750000000000002
4315,0.55049999999999999
4325,0.625
4327,0.74350000000000005
4330,0.62
4334,0.56000000000000005
4340,0.58999999999999997
4347,0.3705
4349,0.67949999999999999
4362,0.58999999999999997
4370,0.57899999999999996
4372,0.57350000000000001
4377,0.58950000000000002
4379,0.79649999999999999
4383,0.54549999999999998
4392,0.64400000000000002
4393,0.75900000000000001
4394,0.40050000000000002
4402,0.57899999999999996
4406,0.25650000000000001
4409,0.81950000000000001
4411,0.35899999999999999
4412,0.63649999999999995
4418,0.73750000000000004
4420,0.65049999999999997
4422,0.58999999999999997
4431,0.32050000000000001
4433,0.32700000000000001
4435,0.42049999999999998
4445,0.59799999999999998
4449,0.71199999999999997
4451,0.42599999999999999
4457,0.746
4458,0.28449999999999998
4460,0.44650000000000001
4462,0.50349999999999995
4464,0.62849999999999995
4466,0.4345
4469,0.80300000000000005
4472,0.34849999999999998
4473,0.65800000000000003
4475,0.34000000000000002
4478,0.39650000000000002
4481,0.47949999999999998
4482,0.57799999999999996
4484,0.45100000000000001
4494,0.53849999999999998
4496,0.69699999999999995
4497,0.69199999999999995
4507,0.61599999999999999
4510,0.36799999999999999
4513,0.38600000000000001
4525,0.34949999999999998
4530,0.79600000000000004
4537,0.70899999999999996
4542,0.5655
4543,0.43149999999999999
4544,0.64649999999999996
4546,0.47749999999999998
4547,0.76449999999999996
4558,0.70850000000000002
4568,0.54900000000000004
4569,0.56299999999999994
4572,0.20399999999999999
4579,0.70150000000000001
4580,0.443
4584,0.5615
4586,0.65200000000000002
4598,0.35649999999999998
4602,0.47799999999999998
4607,0.27350000000000002
4610,0.71599999999999997
4613,0.35649999999999998
4620,0.59099999999999997
4623,0.66700000000000004
4626,0.61350000000000005
4629,0.44950000000000001
4631,0.39300000000000002
4633,0.69650000000000001
4634,0.69599999999999995
4635,0.90449999999999997
4638,0.33550000000000002
4639,0.79800000000000004
4641,0.69950000000000001
4644,0.57750000000000001
4646,0.67549999999999999
4650,0.77749999999999997
4658,0.30499999999999999
4661,0.73799999999999999
4665,0.495
4672,0.73599999999999999
4680,0.255
4683,0.2555
4690,0.77849999999999997
4693,0.67549999999999999
4694,0.83450000000000002
4695,0.48249999999999998
4698,0.70750000000000002
4699,0.51849999999999996
4702,0.65249999999999997
4710,0.60199999999999998
4711,0.316
4715,0.255
4718,0.58650000000000002
4734,0.64349999999999996
4738,0.23499999999999999
4740,0.44900000000000001
4757,0.42549999999999999
4759,0.64600000000000002
4761,0.68200000000000005
4768,0.222
4770,0.64800000000000002
4773,0.68300000000000005
4778,0.61750000000000005
4782,0.30549999999999999
4785,0.54749999999999999
4787,0.46350000000000002
4795,0.38950000000000001
4797,0.75
4799,0.69450000000000001
4803,0.49249999999999999
4804,0.62749999999999995
4805,0.66400000000000003
4814,0.11650000000000001
4815,0.83150000000000002
4821,0.88049999999999995
4823,0.73750000000000004
4824,0.64749999999999996
4840,0.71150000000000002
4842,0.73299999999999998
4844,0.76649999999999996
4848,0.40050000000000002
4850,0.38750000000000001
4851,0.65049999999999997
4859,0.246
4861,0.69099999999999995
4863,0.50349999999999995
4865,0.47299999999999998
4867,0.621
4870,0.68400000000000005
4872,0.65800000000000003
4874,0.36399999999999999
4877,0.54000000000000004
4883,0.57650000000000001
4884,0.75700000000000001
4885,0.6925
4895,0.77200000000000002
4901,0.75800000000000001
4902,0.38150000000000001
4903,0.73950000000000005
4904,0.54200000000000004
4905,0.80000000000000004
4910,0.879
4915,0.50700000000000001
4918,0.51800000000000002
4920,0.36299999999999999
4922,0.47749999999999998
4924,0.27550000000000002
4933,0.86099999999999999
4934,0.78949999999999998
4935,0.41049999999999998
4939,0.34100000000000003
4940,0.85899999999999999
4943,0.69899999999999995
4944,0.13150000000000001
4946,0.55649999999999999
4948,0.75749999999999995
4950,0.499
4952,0.222
4955,0.59150000000000003
4956,0.56100000000000005
4961,0.84250000000000003
4964,0.70950000000000002
4967,0.65049999999999997
4968,0.66300000000000003
4969,0.91749999999999998
4974,0.39350000000000002
4978,0.75249999999999995
4981,0.61750000000000005
4989,0.69099999999999995
4990,0.25700000000000001
4991,0.35249999999999998
4993,0.66149999999999998
4995,0.52049999999999996
5001,0.58099999999999996
5002,0.76300000000000001
5008,0.68300000000000005
5013,0.72399999999999998
5019,0.56699999999999995
5021,0.76100000000000001
5022,0.39450000000000002
5026,0.54849999999999999
5034,0.72299999999999998
5038,0.71550000000000002
5040,0.437
5042,0.72850000000000004
5047,0.64349999999999996
5048,0.53849999999999998
5054,0.3725
5063,0.74650000000000005
5064,0.42649999999999999
5066,0.23899999999999999
5070,0.746
5073,0.23449999999999999
5074,0.43149999999999999
5075,0.68149999999999999
5077,0.55300000000000005
5078,0.70750000000000002
5080,0.59999999999999998
5086,0.45450000000000002
5090,0.71350000000000002
5096,0.86050000000000004
5097,0.309
5098,0.75049999999999994
5100,0.19
5103,0.78600000000000003
5107,0.63449999999999995
5108,0.27700000000000002
5114,0.63800000000000001
5115,0.26350000000000001
5133,0.53800000000000003
5134,0.66200000000000003
5137,0.78700000000000003
5138,0.76200000000000001
5143,0.76149999999999995
5144,0.61350000000000005
5159,0.77449999999999997
5160,0.32600000000000001
5161,0.33500000000000002
5164,0.4335
5165,0.65000000000000002
5179,0.70250000000000001
5182,0.4965
5187,0.44450000000000001
5188,0.64600000000000002
5189,0.60799999999999998
5194,0.47999999999999998
5197,0.53349999999999997
5198,0.81950000000000001
5203,0.3705
5206,0.38400000000000001
5208,0.65100000000000002
5216,0.63849999999999996
5224,0.60850000000000004
5226,0.53000000000000003
5229,0.56599999999999995
5236,0.61750000000000005
5240,0.6855
5242,0.65600000000000003
5249,0.47349999999999998
5250,0.33150000000000002
5253,0.67749999999999999
5255,0.59199999999999997
5256,0.66700000000000004
5260,0.76849999999999996
5265,0.59199999999999997
5266,0.42199999999999999
5275,0.442
5276,0.68200000000000005
5287,0.73250000000000004
5293,0.66249999999999998
5294,0.67649999999999999
5295,0.69299999999999995
5301,0.80349999999999999
5304,0.38300000000000001
5310,0.69350000000000001
5313,0.48149999999999998
5318,0.86099999999999999
5332,0.63
5343,0.63149999999999995
5347,0.19900000000000001
5352,0.57550000000000001
5355,0.75
5357,0.68999999999999995
5359,0.308
5360,0.72650000000000003
5374,0.45700000000000002
5375,0.30149999999999999
5383,0.58950000000000002
5387,0.5615
5392,0.751
5397,0.48999999999999999
5399,0.2195
5403,0.59150000000000003
5413,0.66200000000000003
5414,0.40899999999999997
5419,0.64049999999999996
5420,0.57250000000000001
5423,0.46000000000000002
5428,0.54749999999999999
5430,0.625
5431,0.63549999999999995
5432,0.58850000000000002
5434,0.42599999999999999
5436,0.63500000000000001
5437,0.51600000000000001
5445,0.71399999999999997
5448,0.67849999999999999
5453,0.4325
5459,0.61750000000000005
5461,0.69750000000000001
5464,0.62050000000000005
5465,0.2165
5474,0.73050000000000004
5479,0.32350000000000001
5480,0.44900000000000001
5486,0.61699999999999999
5488,0.67649999999999999
5490,0.60299999999999998
5492,0.54600000000000004
5496,0.3125
5499,0.80600000000000005
5500,0.80349999999999999
5516,0.5655
5522,0.69199999999999995
5530,0.42549999999999999
5531,0.78349999999999997
5537,0.58099999999999996
5538,0.3155
5554,0.52000000000000002
5556,0.52049999999999996
5561,0.69499999999999995
5562,0.92349999999999999
5569,0.52100000000000002
5573,0.82599999999999996
5576,0.39100000000000001
5581,0.60999999999999999
5588,0.47649999999999998
5592,0.5655
5596,0.45400000000000001
5600,0.83399999999999996
5602,0.72950000000000004
5603,0.3085
5609,0.77700000000000002
5612,0.56999999999999995
5617,0.70199999999999996
5620,0.61699999999999999
5621,0.72299999999999998
5623,0.46400000000000002
5634,0.77100000000000002
5639,0.91049999999999998
5642,0.58799999999999997
5643,0.2175
5645,0.439
5648,0.33950000000000002
5659,0.39200000000000002
5664,0.61099999999999999
5674,0.629
5676,0.34749999999999998
5680,0.34100000000000003
5681,0.40849999999999997
5683,0.70599999999999996
5690,0.63900000000000001
5698,0.61299999999999999
5706,0.82399999999999995
5717,0.51749999999999996
5721,0.59899999999999998
5723,0.76600000000000001
5726,0.44550000000000001
5730,0.45650000000000002
5736,0.41499999999999998
5741,0.441
5748,0.44950000000000001
5749,0.52449999999999997
5750,0.48299999999999998
5757,0.29199999999999998
5761,0.63849999999999996
5766,0.45050000000000001
5779,0.45050000000000001
5789,0.46250000000000002
5791,0.75349999999999995
5794,0.71350000000000002
5797,0.14799999999999999
5806,0.247
5811,0.71199999999999997
5812,0.39000000000000001
5814,0.49049999999999999
5815,0.39850000000000002
5816,0.50700000000000001
5824,0.34100000000000003
5826,0.38250000000000001
5827,0.6835
5843,0.88900000000000001
5848,0.57799999999999996
5859,0.23799999999999999
5863,0.59999999999999998
5864,0.38250000000000001
5877,0.45050000000000001
5880,0.46800000000000003
5882,0.55100000000000005
5886,0.503
5890,0.59850000000000003
5891,0.70999999999999996
5892,0.39600000000000002
5900,0.38800000000000001
5903,0.55549999999999999
5907,0.371
5912,0.57699999999999996
5914,0.84299999999999997
5923,0.80900000000000005
5930,0.49299999999999999
5937,0.29749999999999999
5938,0.49199999999999999
5946,0.4995
5948,0.57299999999999995
5950,0.60299999999999998
5952,0.59599999999999997
5953,0.34050000000000002
5956,0.61799999999999999
5957,0.50349999999999995
5960,0.73399999999999999
5967,0.54200000000000004
5969,0.5615
5975,0.81100000000000005
5976,0.36099999999999999
5979,0.38850000000000001
5986,0.29649999999999999
5988,0.38100000000000001
5989,0.76149999999999995
5991,0.74150000000000005
5993,0.53149999999999997
5999,0.73550000000000004
6009,0.58150000000000002
6014,0.6895
6015,0.4395
6016,0.17449999999999999
6019,0.70299999999999996
6036,0.60299999999999998
6037,0.46050000000000002
6038,0.51900000000000002
6042,0.68049999999999999
6048,0.64649999999999996
6056,0.59499999999999997
6058,0.47099999999999997
6065,0.8095
6067,0.72999999999999998
6071,0.35799999999999998
6072,0.37
6073,0.60150000000000003
6079,0.50600000000000001
6081,0.55600000000000005
6090,0.5675
6094,0.61450000000000005
6099,0.53349999999999997
6102,0.56799999999999995
6105,0.434
6115,0.60050000000000003
6118,0.46000000000000002
6125,0.61150000000000004
6128,0.58899999999999997
6130,0.55449999999999999
6131,0.70699999999999996
6137,0.77949999999999997
6162,0.185
6172,0.62949999999999995
6179,0.47749999999999998
6182,0.67200000000000004
6184,0.5645
6186,0.70450000000000002
6187,0.17749999999999999
6195,0.433
6196,0.57299999999999995
6197,0.74250000000000005
6200,0.41999999999999998
6201,0.89349999999999996
6205,0.47699999999999998
6207,0.4335
6208,0.68200000000000005
6214,0.57399999999999995
6215,0.73399999999999999
6222,0.62949999999999995
6223,0.78100000000000003
6239,0.67349999999999999
6241,0.25600000000000001
6243,0.28549999999999998
6245,0.33200000000000002
6257,0.67700000000000005
6258,0.63300000000000001
6260,0.57899999999999996
6264,0.77849999999999997
6267,0.52049999999999996
6283,0.76600000000000001
6285,0.81899999999999995
6289,0.72699999999999998
6292,0.57799999999999996
6293,0.85399999999999998
6294,0.67249999999999999
6297,0.51000000000000001
6298,0.65000000000000002
6299,0.64649999999999996
6307,0.40250000000000002
6308,0.45250000000000001
6319,0.5665
6321,0.69450000000000001
6335,0.39200000000000002
6341,0.80500000000000005
6343,0.77900000000000003
6348,0.4985
6349,0.84350000000000003
6353,0.73099999999999998
6362,0.45650000000000002
6363,0.86799999999999999
6377,0.48549999999999999
6378,0.58950000000000002
6388,0.61299999999999999
6389,0.379
6391,0.68300000000000005
6392,0.49149999999999999
6393,0.50600000000000001
6394,0.68149999999999999
6395,0.20449999999999999
6405,0.52500000000000002
6408,0.63349999999999995
6409,0.56499999999999995
6412,0.67349999999999999
6415,0.30249999999999999
6421,0.53849999999999998
6426,0.61450000000000005
6428,0.75149999999999995
6438,0.56499999999999995
6439,0.26200000000000001
6440,0.72999999999999998
6445,0.5585
6447,0.79700000000000004
6450,0.54800000000000004
6451,0.60950000000000004
6452,0.75449999999999995
6458,0.41649999999999998
6459,0.309
6461,0.65249999999999997
6464,0.27550000000000002
6468,0.58699999999999997
6477,0.64800000000000002
6478,0.85399999999999998
6479,0.74399999999999999
6481,0.52500000000000002
6494,0.57250000000000001
6495,0.46000000000000002
6497,0.69299999999999995
6503,0.25700000000000001
6504,0.63449999999999995
6505,0.64949999999999997
6513,0.51400000000000001
6520,0.53000000000000003
6521,0.1845
6522,0.66649999999999998
6524,0.58750000000000002
6526,0.4405
6527,0.36199999999999999
6538,0.73550000000000004
6541,0.23100000000000001
6543,0.46100000000000002
6546,0.69750000000000001
6573,0.5575
6578,0.41199999999999998
6583,0.33550000000000002
6584,0.35499999999999998
6589,0.52849999999999997
6592,0.62849999999999995
6595,0.32400000000000001
6597,0.39700000000000002
6604,0.61950000000000005
6606,0.64400000000000002
6613,0.66249999999999998
6619,0.58550000000000002
6625,0.80149999999999999
6626,0.84350000000000003
6638,0.38700000000000001
6639,0.47499999999999998
6641,0.54100000000000004
6645,0.64100000000000001
6646,0.38300000000000001
6651,0.56899999999999995
6653,0.30349999999999999
6662,0.74099999999999999
6676,0.628
6684,0.53649999999999998
6698,0.38100000000000001
6704,0.6855
6709,0.65500000000000003
6710,0.40699999999999997
6714,0.878
6717,0.66749999999999998
6718,0.33550000000000002
6719,0.6825
6722,0.66049999999999998
6724,0.38400000000000001
6739,0.76949999999999996
6740,0.27400000000000002
6753,0.67800000000000005
6760,0.63500000000000001
6768,0.66000000000000003
6771,0.4965
6774,0.26700000000000002
6775,0.4405
6780,0.46200000000000002
6787,0.627
6788,0.61450000000000005
6793,0.28449999999999998
6794,0.73250000000000004
6800,0.4355
6805,0.70999999999999996
6814,0.43099999999999999
6822,0.72450000000000003
6825,0.495
6828,0.313
6839,0.156
6841,0.57050000000000001
6842,0.52849999999999997
6843,0.3155
6848,0.6845
6851,0.22950000000000001
6854,0.61299999999999999
6878,0.40799999999999997
6879,0.51100000000000001
6881,0.59750000000000003
6883,0.40150000000000002
6886,0.53300000000000003
6893,0.16300000000000001
6898,0.61250000000000004
6907,0.62549999999999994
6911,0.50649999999999995
6913,0.69750000000000001
6924,0.56499999999999995
6926,0.57250000000000001
6927,0.34949999999999998
6931,0.85699999999999998
6933,0.60799999999999998
6934,0.39400000000000002
6937,0.64749999999999996
6945,0.6865
6954,0.77549999999999997
6959,0.373
6966,0.36649999999999999
6971,0.52500000000000002
6973,0.65349999999999997
6978,0.66600000000000004
6989,0.51249999999999996
6993,0.42999999999999999
7006,0.55249999999999999
7011,0.71799999999999997
7014,0.66300000000000003
7015,0.63349999999999995
7025,0.45850000000000002
7028,0.61850000000000005
7037,0.57650000000000001
7040,0.5595
7041,0.59099999999999997
7043,0.746
7045,0.58050000000000002
7046,0.3725
7054,0.48649999999999999
7057,0.58150000000000002
7058,0.50849999999999995
7059,0.66849999999999998
7069,0.65549999999999997
7070,0.41949999999999998
7078,0.61299999999999999
7086,0.5635
7090,0.8075
7091,0.60099999999999998
7094,0.41149999999999998
7100,0.66400000000000003
7109,0.53749999999999998
7121,0.48399999999999999
7130,0.499
7131,0.74299999999999999
7132,0.41899999999999998
7133,0.3145
7148,0.74199999999999999
7151,0.59799999999999998
7155,0.36149999999999999
7159,0.60499999999999998
7165,0.74850000000000005
7176,0.71050000000000002
7182,0.64700000000000002
7187,0.70950000000000002
7189,0.53300000000000003
7190,0.28299999999999997
7194,0.28449999999999998
7196,0.63300000000000001
7197,0.80700000000000005
7208,0.70850000000000002
7212,0.61399999999999999
7215,0.72899999999999998
7217,0.254
7222,0.34150000000000003
7223,0.72750000000000004
7227,0.4945
7230,0.81399999999999995
7239,0.44650000000000001
7266,0.72799999999999998
7272,0.71699999999999997
7273,0.50800000000000001
7274,0.33850000000000002
7280,0.62350000000000005
7281,0.44700000000000001
7284,0.434
7292,0.755
7293,0.58099999999999996
7299,0.70650000000000002
7302,0.54200000000000004
7305,0.47399999999999998
7310,0.3175
7313,0.443
7317,0.65349999999999997
7323,0.70699999999999996
7326,0.29299999999999998
7333,0.5575
7335,0.42799999999999999
7343,0.53600000000000003
7344,0.46650000000000003
7347,0.57650000000000001
7353,0.83050000000000002
7361,0.38900000000000001
7366,0.69499999999999995
7385,0.66400000000000003
7386,0.67400000000000004
7408,0.66849999999999998
7411,0.47149999999999997
7422,0.67649999999999999
7437,0.5665
7451,0.6905
7453,0.73799999999999999
7459,0.63649999999999995
7537,0.80800000000000005
7551,0.41149999999999998
7559,0.318
7644,0.51500000000000001
7653,0.51800000000000002
7660,0.52849999999999997
7662,0.68799999999999994
7696,0.627
7702,0.69350000000000001
7705,0.4985
7707,0.69750000000000001
7721,0.79300000000000004
7727,0.38600000000000001
7742,0.38700000000000001
7764,0.56200000000000006
7768,0.3145
7795,0.6875
7801,0.77100000000000002
7805,0.36899999999999999
7808,0.45150000000000001
7811,0.6835
7841,0.54600000000000004
7848,0.52949999999999997
7851,0.433
7853,0.76749999999999996
7866,0.27050000000000002
7868,0.67200000000000004
7870,0.42899999999999999
7872,0.8155
7875,0.53700000000000003
7880,0.55200000000000005
7881,0.82950000000000002
7901,0.51149999999999995
7905,0.49199999999999999
7909,0.73499999999999999
7936,0.57050000000000001
7938,0.48549999999999999
7943,0.59350000000000003
7946,0.45200000000000001
7951,0.51149999999999995
7990,0.63700000000000001
7998,0.46100000000000002
8011,0.73650000000000004
8020,0.59050000000000002
8025,0.46400000000000002
8051,0.42999999999999999
8061,0.24349999999999999
8073,0.46050000000000002
8075,0.53349999999999997
8078,0.72450000000000003
8087,0.77500000000000002
8091,0.48799999999999999
8099,0.83499999999999996
8118,0.65549999999999997
8121,0.3755
8125,0.35199999999999998
8146,0.27600000000000002
8152,0.52600000000000002
8153,0.56950000000000001
8161,0.64800000000000002
8165,0.499
8175,0.60899999999999999
8188,0.40849999999999997
8257,0.1225
8266,0.83299999999999996
8273,0.38500000000000001
8293,0.84499999999999997
8317,0.58650000000000002
8331,0.71250000000000002
8344,0.54300000000000004
8353,0.91449999999999998
8366,0.27400000000000002
8374,0.2495
8382,0.41049999999999998
8386,0.51949999999999996
8423,0.45300000000000001
8456,0.55300000000000005
8491,0.39100000000000001
8503,0.59099999999999997
8510,0.45300000000000001
8511,0.17849999999999999
8544,0.85599999999999998
8556,0.82350000000000001
8578,0.53600000000000003
8609,0.39250000000000002
8610,0.34200000000000003
8614,0.317
8657,0.622
8658,0.54149999999999998
8669,0.62050000000000005
8677,0.48199999999999998
8678,0.60399999999999998
8682,0.75800000000000001
8710,0.51549999999999996
8731,0.40050000000000002
8745,0.77749999999999997
8749,0.083000000000000004
8752,0.56399999999999995
8772,0.50749999999999995
8779,0.29499999999999998
8792,0.35199999999999998
8812,0.82699999999999996
8825,0.72550000000000003
8852,0.67700000000000005
8866,0.50949999999999995
8894,0.2495
8906,0.53300000000000003
8936,0.74150000000000005
8938,0.68049999999999999
8957,0.34000000000000002
8961,0.51049999999999995
8970,0.36699999999999999
9005,0.48649999999999999
9031,0.32550000000000001
9050,0.59599999999999997
9051,0.71050000000000002
9052,0.74199999999999999
9066,0.72099999999999997
9076,0.625
9090,0.82599999999999996
9216,0.3695
